<?xml version="1.0" encoding="UTF-8"?>
<data>
    <loan>
        <amount>400000</amount>
        <interestRate>6.5</interestRate>
        <tenure>4</tenure>
    </loan>
    <cibil>
        <creditHistory>7</creditHistory>
        <onTimePayments>95</onTimePayments>
    </cibil>

    <loan>
        <amount>500000</amount>
        <interestRate>8.5</interestRate>
        <tenure>5</tenure>
    </loan>
    <cibil>
        <creditHistory>7</creditHistory>
        <onTimePayments>95</onTimePayments>
    </cibil>
</data>