<?xml version="1.0" encoding="UTF-8"?>
<people>
    <person>
        <name>Emilyn</name>
        <loanType>Home Loan</loanType>
        <loanAmount>2500000</loanAmount>
        <tenure>15</tenure>
        <monthlyEMI>23500</monthlyEMI>
    </person>
    <person>
        <name>Anjali</name>
        <loanType>Car Loan</loanType>
        <loanAmount>500000</loanAmount>
        <tenure>5</tenure>
        <monthlyEMI>10420</monthlyEMI>
    </person>
    <person>
        <name>Rahul</name>
        <loanType>Gold Loan</loanType>
        <loanAmount>800000</loanAmount>
        <tenure>10</tenure>
        <monthlyEMI>8600</monthlyEMI>
    </person>
    <person>
    <name>Nikith</name>
    <loanType>Home Loan</loanType>
    <loanAmount>5000000</loanAmount>
    <tenure>20</tenure>
    <monthlyEMI>38000</monthlyEMI>
</person>
<person>
    <name>Sonu</name>
    <loanType>Car Loan</loanType>
    <loanAmount>1000000</loanAmount>
    <tenure>5</tenure>
    <monthlyEMI>22000</monthlyEMI>
</person>
<person>
    <name>Yusuf</name>
    <loanType>Personal Loan</loanType>
    <loanAmount>300000</loanAmount>
    <tenure>3</tenure>
    <monthlyEMI>8700</monthlyEMI>
</person>
<person>
    <name>Saif</name>
    <loanType>Business Loan</loanType>
    <loanAmount>1500000</loanAmount>
    <tenure>7</tenure>
    <monthlyEMI>21000</monthlyEMI>
</person>
<person>
    <name>Rakshita</name>
    <loanType>Education Loan</loanType>
    <loanAmount>1200000</loanAmount>
    <tenure>12</tenure>
    <monthlyEMI>9800</monthlyEMI>
</person>
<person>
    <name>Aishwarya</name>
    <loanType>Home Loan</loanType>
    <loanAmount>6000000</loanAmount>
    <tenure>25</tenure>
    <monthlyEMI>45000</monthlyEMI>
</person>
<person>
    <name>Chaithanya</name>
    <loanType>Car Loan</loanType>
    <loanAmount>800000</loanAmount>
    <tenure>4</tenure>
    <monthlyEMI>19000</monthlyEMI>
</person>
<person>
    <name>Zohra</name>
    <loanType>Personal Loan</loanType>
    <loanAmount>500000</loanAmount>
    <tenure>5</tenure>
    <monthlyEMI>10500</monthlyEMI>
</person>
</people>
